title,type
World of Opportunities,Status Update
A Whole New World,Information Sharing
A Celebration of Success,Decision Making
A Spectrum of Opportunities,Problem Solving
Aint No Stoppin Us Now,Innovation
All Systems Go,Team Building
Anything is Possible,Status Update
Back to the Future,Information Sharing
Back On Top,Decision Making
Becoming Agents of Change,Problem Solving
Be Extraordinary,Innovation
Better and Consistent,Team Building
Beyond All Limits,Status Update
Breakthrough to Excellence,Information Sharing
Breaking Barriers,Decision Making
Breaking Down Barriers,Problem Solving
Breaking Out of Your Shell,Innovation
Breakthrough Performance,Team Building
Breakthrough to Excellence,Status Update
Building on the Best,Information Sharing
Building for the Future,Decision Making
Commitment to Excellence,Problem Solving
Challenge Yourself,Innovation
Charting the Course,Team Building
Customer Focus,Status Update
Dedicated To Your Success,Information Sharing
Develop the Possibilities,Decision Making
Discover the Difference,Problem Solving
Do Great Things,Innovation
Keep Believing,Team Building
Evolving with our Business,Status Update
Everything Counts,Information Sharing
Expect the Best,Decision Making
Exceeding the Vision,Problem Solving
Expanding the Possibilities,Innovation
Explore the Possibilities,Team Building
Facing Forward,Status Update
Facing the Challenges,Information Sharing
Focus on Success,Decision Making
Focus on the Future,Problem Solving
Fusing Power and People,Innovation
Gaining the Edge,Team Building
Get Momentum,Status Update
Get Switched On,Information Sharing
Get the Edge,Decision Making
Getting It Done,Problem Solving
Got Momentum,Innovation
Growing your Business,Team Building
Great Expectations,Status Update
Higher Faster Stronger,Information Sharing
Historic Proportions,Decision Making
Homecoming,Problem Solving
It Starts with Us,Innovation
Igniting Team Spirit,Team Building
Ingenuity at Work,Status Update
Innovate Integrate Motivate,Information Sharing
Innovation Integration,Decision Making
In It to Win It,Problem Solving
Journey to the Top,Innovation
Keep em Rollin,Team Building
Leadership Challenge,Status Update
Leading the Pack,Information Sharing
Leading the Way,Decision Making
Lighting the Future,Problem Solving
Meeting the Challenge,Innovation
Making a Difference,Team Building
Moving to Mastery,Status Update
Next Generation Leadership,Information Sharing
Next Level,Decision Making
Navigating the Future,Problem Solving
Operation Excellence,Innovation
Peak Performance,Team Building
Partners in Excellence,Status Update
Prism of Possibilities,Information Sharing
Pump Up Your Sales Success,Decision Making
Partners in Progress,Problem Solving
Performance Driven,Innovation
Pride and Performance,Team Building
Play to Win,Status Update
Portraits of Success,Information Sharing
Peak Performance,Decision Making
Power Up,Problem Solving
Sharing Solutions,Innovation
Share the Vision,Team Building
Shaping the Future,Status Update
Showtime,Information Sharing
Success Oriented,Decision Making
Shoot for the Stars,Problem Solving
Strategies for Success,Innovation
Success through Synergy,Team Building
Service You Can Trust,Status Update
Switch it On,Information Sharing
Swing for the Fences,Decision Making
Teamwork,Problem Solving
Together Towards Tomorrow,Innovation
The Challenge of Change,Team Building
The Power of You,Status Update
The Pride and the Promise,Information Sharing
Taking it to the Streets,Decision Making
The Power of Performances,Problem Solving